[
  {
    "_id": "NBILvU5oyT8T10LfifYydF",
    "answer": "Loxone je austrijski sistem za automatizaciju kuća i zgrada koji omogućava centralizovanu kontrolu osvetljenja, grejanja, hlađenja, roletni, audio sistema, sigurnosti i mnogih drugih funkcija putem jedne aplikacije.",
    "category": "general",
    "order": 0,
    "question": "Šta je Loxone sistem?"
  },
  {
    "_id": "RJjnIjSCmOs2kB7sdoBcqC",
    "answer": "Da, Loxone aplikacija je dostupna za iOS i Android uređaje i omogućava potpunu kontrolu vašeg doma sa bilo kog mesta na svetu. Takođe možete koristiti glasovne komande preko Amazon Alexa ili Google Assistant.",
    "category": "general",
    "order": 1,
    "question": "Da li mogu da kontrolišem kuću sa telefona?"
  },
  {
    "_id": "NII3BdPs0Hw6LwOCvcbOOl",
    "answer": "Vreme instalacije zavisi od veličine objekta i broja funkcija. Za prosečnu kuću od 100-150m², instalacija obično traje 5-10 radnih dana. Za veće objekte ili kompleksnije sisteme, rok može biti duži.",
    "category": "general",
    "order": 2,
    "question": "Koliko traje instalacija?"
  },
  {
    "_id": "NII3BdPs0Hw6LwOCvcbOgR",
    "answer": "Nudimo kompletna rešenja: Loxone pametne kuće, električne instalacije, video nadzor, kontrolu pristupa, solarne elektrane, spoljašnju automatizaciju, kao i održavanje i podršku za sve instalirane sisteme.",
    "category": "general",
    "order": 3,
    "question": "Koje usluge nudite?"
  },
  {
    "_id": "NII3BdPs0Hw6LwOCvcbPFn",
    "answer": "Loxone podržava kontrolu osvetljenja, grejanja, klimatizacije, roletni, audio sistema, video nadzora, kontrole pristupa, detekcije požara, detekcije curenja vode, automatskog zalivanja, upravljanja solarnim panelima i još mnogo toga.",
    "category": "loxone",
    "order": 4,
    "question": "Koje funkcije Loxone sistem podržava?"
  },
  {
    "_id": "NBILvU5oyT8T10LfifYznV",
    "answer": "Apsolutno! Loxone sistem je modularan i može se lako proširivati. Možete početi sa osnovnim funkcijama kao što su osvetljenje i roletne, pa dodavati grejanje, sigurnost, audio sistem i druge funkcije po potrebi.",
    "category": "loxone",
    "order": 5,
    "question": "Da li mogu da nadograđujem sistem kasnije?"
  },
  {
    "_id": "RJjnIjSCmOs2kB7sdoBdHI",
    "answer": "Loxone sistem radi lokalno i ne zavisi od internet konekcije. Sve automatizacije, scenarija i kontrole funkcionišu normalno čak i bez interneta. Internet je potreban samo za daljinsku kontrolu putem aplikacije kada niste kod kuće.",
    "category": "loxone",
    "order": 6,
    "question": "Šta se dešava ako nestane interneta?"
  },
  {
    "_id": "RJjnIjSCmOs2kB7sdoBe1M",
    "answer": "Da, Loxone može integrisati mnoge postojeće uređaje i sisteme kao što su Sonos audio, Philips Hue sijalice, KNX uređaji, Modbus uređaji i drugi. Takođe podržava integraciju sa Amazon Alexa i Google Assistant.",
    "category": "loxone",
    "order": 7,
    "question": "Da li Loxone radi sa postojećim uređajima?"
  },
  {
    "_id": "NII3BdPs0Hw6LwOCvcbQFf",
    "answer": "Da, Loxone se može instalirati i u postojeće objekte. Postoje različita rešenja u zavisnosti od toga da li planirate renoviranje ili želite minimalnu intervenciju. Nudimo i Loxone Air bežična rešenja.",
    "category": "installation",
    "order": 8,
    "question": "Da li mogu da instaliram Loxone u postojeću kuću?"
  },
  {
    "_id": "NBILvU5oyT8T10LfifZ1d3",
    "answer": "Ne mora. Za nove objekte preporučujemo klasičnu kabliranu instalaciju za maksimalnu pouzdanost. Za postojeće objekte nudimo Loxone Air rešenja koja koriste bežičnu komunikaciju i minimizuju građevinske radove.",
    "category": "installation",
    "order": 9,
    "question": "Da li je potrebno rušenje zidova za instalaciju?"
  },
  {
    "_id": "RJjnIjSCmOs2kB7sdoBeXs",
    "answer": "Kompletan projekat uključuje: konsultacije i planiranje (1-2 nedelje), nabavku opreme (1-2 nedelje), instalaciju (5-15 dana zavisno od veličine), konfiguraciju i testiranje (2-3 dana), i obuku korisnika (1 dan). Ukupno 4-8 nedelja za prosečan objekat.",
    "category": "installation",
    "order": 10,
    "question": "Koliko dugo traje projekat od početka do kraja?"
  },
  {
    "_id": "NBILvU5oyT8T10LfifZ2Xp",
    "answer": "Da, radimo kompletne električne instalacije za stambene i poslovne objekte prema važećim standardima. Naš tim ima sve potrebne licence i sertifikate. Nudimo i reviziju postojećih instalacija.",
    "category": "installation",
    "order": 11,
    "question": "Da li radite električne instalacije za nove objekte?"
  },
  {
    "_id": "RJjnIjSCmOs2kB7sdoBetY",
    "answer": "Cena zavisi od veličine objekta i željenih funkcija. Za prosečnu kuću od 100-150m², osnovni Loxone sistem (osvetljenje, roletne, grejanje) počinje od 5.000-8.000 EUR. Kompletniji sistemi sa audio, video nadzorom i naprednim funkcijama mogu biti 12.000-20.000 EUR. Kontaktirajte nas za besplatnu procenu.",
    "category": "pricing",
    "order": 12,
    "question": "Koliko košta Loxone sistem?"
  },
  {
    "_id": "NII3BdPs0Hw6LwOCvcbRSn",
    "answer": "Da, svi Loxone uređaji dolaze sa 2 godine garancije proizvođača, a na našu instalaciju dajemo 1 godinu garancije. Nudimo i produžene garancije i servise održavanja.",
    "category": "pricing",
    "order": 13,
    "question": "Da li nudite garanciju?"
  },
  {
    "_id": "RJjnIjSCmOs2kB7sdoBfFE",
    "answer": "Prihvatamo plaćanje u ratama tokom projekta: akontacija 30% pri potpisivanju ugovora, 40% po završetku instalacije, i 30% nakon testiranja i obuke. Prihvatamo virman, gotovinu i kartice.",
    "category": "pricing",
    "order": 14,
    "question": "Koje načine plaćanja prihvatate?"
  },
  {
    "_id": "NBILvU5oyT8T10LfifZ32n",
    "answer": "Trenutno ne nudimo direktno finansiranje, ali sarađujemo sa bankama koje nude kredite za renoviranje i unapređenje doma. Možemo vam pomoći sa dokumentacijom potrebnom za kredit.",
    "category": "pricing",
    "order": 15,
    "question": "Da li nudite finansiranje?"
  },
  {
    "_id": "RJjnIjSCmOs2kB7sdoBfdc",
    "answer": "Loxone sistem je vrlo pouzdan i ne zahteva redovno održavanje. Preporučujemo godišnji pregled sistema i ažuriranje softvera kako bi sistem radio optimalno. Nudimo servise održavanja sa prioritetnom podrškom.",
    "category": "maintenance",
    "order": 16,
    "question": "Da li sistem zahteva održavanje?"
  },
  {
    "_id": "NII3BdPs0Hw6LwOCvcbRkT",
    "answer": "Nudimo brzu tehničku podršku. Većina problema se može rešiti daljinski putem TeamViewer-a ili telefonske podrške. Za hardverske probleme dolazimo na lice mesta. Vreme odziva za hitne slučajeve je 24h. Kontaktirajte nas na +381 23 123 456.",
    "category": "maintenance",
    "order": 17,
    "question": "Šta ako nešto prestane da radi?"
  },
  {
    "_id": "RJjnIjSCmOs2kB7sdoBg7Q",
    "answer": "Da, nakon instalacije organizujemo detaljnu obuku za sve korisnike. Pokazujemo kako koristiti aplikaciju, kreirati scenarija, podešavati automatizacije i rešavati osnovne probleme. Dodatne obuke su dostupne na zahtev.",
    "category": "maintenance",
    "order": 18,
    "question": "Da li nudite obuku za korišćenje sistema?"
  },
  {
    "_id": "NII3BdPs0Hw6LwOCvcbSAz",
    "answer": "Da, nudimo kompletna rešenja za solarne elektrane - od projektovanja, nabavke opreme, instalacije, do priključenja na mrežu i registracije. Radimo sa renomiranim brendovima solarnih panela i invertora.",
    "category": "solar",
    "order": 19,
    "question": "Da li instalirate solarne elektrane?"
  },
  {
    "_id": "RJjnIjSCmOs2kB7sdoBguC",
    "answer": "Cena zavisi od snage sistema. Za prosečnu porodičnu kuću, sistem od 5-10 kW košta između 5.000-12.000 EUR sa instalacijom. Sistem se isplati za 6-10 godina kroz uštedu na struji. Nudimo besplatnu procenu potreba i isplativosti.",
    "category": "solar",
    "order": 20,
    "question": "Koliko košta solarna elektrana za kuću?"
  },
  {
    "_id": "NII3BdPs0Hw6LwOCvcbSbV",
    "answer": "Apsolutno! Loxone može pratiti proizvodnju solarne elektrane i automatski upravljati potrošnjom - npr. uključivati bojler, klima uređaj ili punjenje električnog vozila kada ima viška solarne energije. Ovo maksimizuje uštedu.",
    "category": "solar",
    "order": 21,
    "question": "Da li mogu da kombinujem solarnu elektranu sa Loxone sistemom?"
  },
  {
    "_id": "NII3BdPs0Hw6LwOCvcbTJh",
    "answer": "Sama instalacija panela i opreme traje 2-5 dana zavisno od veličine sistema. Kompletna procedura uključujući projektovanje, dozvole i priključenje na mrežu može trajati 4-8 nedelja. Pomažemo sa svom dokumentacijom.",
    "category": "solar",
    "order": 22,
    "question": "Koliko traje instalacija solarne elektrane?"
  },
  {
    "_id": "NBILvU5oyT8T10LfifZ4D3",
    "answer": "Radimo kompletne električne instalacije za stambene, poslovne i industrijske objekte: razvodne table, kabliranje, utičnice, osvetljenje, gromobransku zaštitu, uzemljenje, priključke za klima uređaje i bojlere. Sve radimo prema važećim standardima i propisima.",
    "category": "electrical",
    "order": 23,
    "question": "Koje električne instalacije radite?"
  },
  {
    "_id": "NII3BdPs0Hw6LwOCvcbTxT",
    "answer": "Da, vršimo stručni pregled i reviziju postojećih električnih instalacija sa izdavanjem atesta. Ovo je obavezno za starije objekte, pri kupoprodaji nekretnina, ili nakon rekonstrukcije. Cena revizije zavisi od veličine objekta.",
    "category": "electrical",
    "order": 24,
    "question": "Da li radite reviziju električnih instalacija?"
  },
  {
    "_id": "NII3BdPs0Hw6LwOCvcbUF9",
    "answer": "Da, svi naši električari su licencirani i sertifikovani. Posedujemo sve potrebne dozvole za izvođenje električnih radova i izdavanje atesta. Radimo prema SRPS standardima i garantujemo kvalitet i sigurnost. **UKUPNO: 26 FAQ pitanja** **Kategorije:** - Opšte (general): 4 pitanja - Loxone sistem (loxone): 4 pitanja - Instalacija (installation): 4 pitanja - Cene i plaćanje (pricing): 4 pitanja - Održavanje (maintenance): 3 pitanja - Solarne elektrane (solar): 4 pitanja - Električne instalacije (electrical): 3 pitanja 1. Idite na http://localhost:3000/studio 2. Prijavite se (Google/GitHub/Email) 3. Kliknite \"Česta pitanja (FAQ)\" → Create 4. Za svako pitanje: - **Pitanje:** Copy-paste pitanje - **Odgovor:** Copy-paste odgovor - **Kategorija:** Izaberite kategoriju iz dropdown-a - **Redosled prikaza:** Unesite broj (0-25) 5. Kliknite **Publish** Ponovite za svih 26 pitanja.",
    "category": "electrical",
    "order": 25,
    "question": "Da li imate licence za električne instalacije?"
  }
]